<?xml version="1.0" encoding="UTF-8"?>
<project-private xmlns="http://www.netbeans.org/ns/project-private/1">
    <editor-bookmarks xmlns="http://www.netbeans.org/ns/editor-bookmarks/2" lastBookmarkId="0"/>
    <open-files xmlns="http://www.netbeans.org/ns/projectui-open-files/2">
        <group>
            <file>file:/home/zeek/NetBeansProjects/OJT/Activity4/src/abstracts/ABS_Services.java</file>
            <file>file:/home/zeek/NetBeansProjects/OJT/Activity4/src/abstracts/ABS_AddOns.java</file>
            <file>file:/home/zeek/NetBeansProjects/OJT/Activity4/src/classes/Activity4.java</file>
            <file>file:/home/zeek/NetBeansProjects/OJT/Activity4/src/classes/CLASS_Service.java</file>
            <file>file:/home/zeek/NetBeansProjects/OJT/Activity4/src/classes/CLASS_AddOn.java</file>
        </group>
    </open-files>
</project-private>
